insert into app_user (username, pass, enabled) values ('cvele', '1111', 1);

insert into player values
(1, 90, 34, 50, 96, 96, 50, 'Without Club', 'Early Cross,Trickster,Speeding Bullet,Mazing Run,Incisive Run', '-', 90, 'Jun 24, 1987 ', 45, 97, 95, 'LEFT', 8, 40, 40, 40, 40, 40, 70, 2, TIMESTAMP '2021-07-29 18:06:27.396607', 63, 82, 91, 90, TIMESTAMP '2021-07-29 18:06:27.396607', 'Argentina', 'Argentina', 95, 'SS,CF', 'LWF,AMF,RMF', 94, TIMESTAMP '2021-07-29 18:06:27.395608', 'L. MESSI', 'FC BARCELONA', 'https://pesdb.net/pes2021/?id=7511', 70, 94, 'Lionel Messi', 'Long Range Drive,Captaincy,Through Passing,One-touch Pass,Penalty Specialist,Dipping Shot,Chip Shot Control,Long Range Shooting,Double Touch,First-time Shot', 'Creative Playmaker', 'RWF', TIMESTAMP '2021-07-29 18:06:55.026275', 'AC Milan', 'https://psml.rs/index.php?action=shwply&playerID=7511', 80000000.00, 81, 78, NULL, NULL, NULL, 96, TIMESTAMP '2021-07-29 18:06:27.420604', 'attack - Right Winger', 'https://www.transfermarkt.com/lionel-messi/profil/spieler/28003', 3, 1, NULL, 'C', 'https://www.whoscored.com/Players/11119/Show/Lionel-Messi'),
(2, 83, 24, 78, 80, 86, 75, 'FC Barcelona', 'Long Ball Expert,Mazing Run', 'Jun 30, 2026', 71, 'May 12, 1997 ', 71, 85, 67, 'RIGHT', 5, 40, 40, 40, 40, 40, 74, 2, TIMESTAMP '2021-07-29 18:10:32.771326', 78, 74, 87, 89, TIMESTAMP '2021-07-29 18:10:32.771326', 'Netherlands', 'Netherlands', 77, 'DMF', 'AMF,CB', 87, TIMESTAMP '2021-07-29 18:10:32.688323', 'F. DE JONG', 'FC BARCELONA', 'https://pesdb.net/pes2021/?id=108662', 72, 70, 'Frenkie de Jong', 'Step On Skill Control,Weighted Pass,Through Passing,Outside Curler,One-touch Pass,Heel Trick,Gamesmanship,Cut Behind & Turn,Scotch Move,Double Touch', 'Orchestrator', 'CMF', TIMESTAMP '2021-07-29 18:11:06.930629', 'Atomic Ants FC', 'https://psml.rs/index.php?action=shwply&playerID=108662', 40000000.00, 81, 84, NULL, NULL, NULL, 88, TIMESTAMP '2021-07-29 18:10:32.773324', 'midfield - Central Midfield', 'https://www.transfermarkt.com/frenkie-de-jong/profil/spieler/326330', 3, 3, NULL, 'C', 'https://www.whoscored.com/Players/279423/Show/Frenkie-de-Jong'),
(3, 81, 28, 82, 72, 76, 50, 'Inter Milan', 'Mazing Run', 'Jun 30, 2024', 80, 'May 13, 1993 ', 50, 80, 87, 'LEFT', 6, 40, 40, 40, 40, 40, 86, 2, TIMESTAMP '2021-08-03 10:58:47.809075', 84, 87, 77, 72, TIMESTAMP '2021-08-03 10:58:47.809075', 'Belgium', 'Belgium', 86, 'SS', NULL, 86, TIMESTAMP '2021-08-03 10:58:48.220076', 'R. LUKAKU', 'LOMBARDIA NA', 'https://pesdb.net/pes2021/?id=40122', 95, 70, 'Romelu Lukaku', 'Long Range Drive,Heading,Captaincy,Outside Curler,Penalty Specialist,Gamesmanship,First-time Shot,Fighting Spirit', 'Fox in the Box', 'CF', TIMESTAMP '2021-08-03 10:59:08.209608', 'Hull City', 'https://psml.rs/index.php?action=shwply&playerID=40122', 30000000.00, 88, 82, NULL, NULL, NULL, 73, TIMESTAMP '2021-08-03 10:58:47.89531', 'attack - Centre-Forward', 'https://www.transfermarkt.com/romelu-lukaku/profil/spieler/96341', 3, 2, NULL, 'C', 'https://www.whoscored.com/Players/78498/Show/Romelu-Lukaku'),
(4, 67, 27, 59, 70, 72, 62, CAST('Manchester City' AS VARCHAR_IGNORECASE), NULL, CAST('Jun 30, 2025' AS VARCHAR_IGNORECASE), 53, CAST('Aug 17, 1993 ' AS VARCHAR_IGNORECASE), 61, 60, 40, CAST('LEFT' AS VARCHAR_IGNORECASE), 5, 93, 95, 93, 94, 96, 60, 2, TIMESTAMP '2021-08-05 00:10:21.241159', 80, 92, 80, 76, TIMESTAMP '2021-08-05 00:10:21.241159', CAST('Brazil' AS VARCHAR_IGNORECASE), CAST('Brazil' AS VARCHAR_IGNORECASE), 41, NULL, NULL, 88, TIMESTAMP '2021-08-05 00:10:20.862933', CAST('EDERSON' AS VARCHAR_IGNORECASE), CAST('MANCHESTER B' AS VARCHAR_IGNORECASE), CAST('https://pesdb.net/pes2021/?id=46815' AS VARCHAR_IGNORECASE), 83, 60, CAST('Ederson' AS VARCHAR_IGNORECASE), CAST('GK Low Punt,GK Penalty Saver,GK Long Throw' AS VARCHAR_IGNORECASE), CAST('Offensive Goalkeeper' AS VARCHAR_IGNORECASE), CAST('GK' AS VARCHAR_IGNORECASE), TIMESTAMP '2021-08-05 00:10:40.756291', CAST('Free' AS VARCHAR_IGNORECASE), CAST('https://psml.rs/index.php?action=shwply&playerID=46815' AS VARCHAR_IGNORECASE), 0.00, 66, 60, NULL, NULL, NULL, 67, TIMESTAMP '2021-08-05 00:10:21.25316', CAST('Goalkeeper' AS VARCHAR_IGNORECASE), CAST('https://www.transfermarkt.com/ederson/profil/spieler/238223' AS VARCHAR_IGNORECASE), 2, 2, NULL, 'C', CAST('https://www.whoscored.com/Players/121774/Show/Ederson' AS VARCHAR_IGNORECASE));

insert into app_user_player values
(1, 0, 1),
(1, 0, 2),
(1, 0, 4);

insert into transfer (date_of_transfer, from_team, market_value, to_team, transfer_fee, player_id) values
(DATE '2021-07-01', 'Barcelona', STRINGDECODE('\u20ac80.00m'), 'Without Club', '-', 1),
(DATE '2005-07-01', 'Barcelona B', STRINGDECODE('\u20ac3.00m'), 'Barcelona', '-', 1),
(DATE '2000-07-01', 'Newell''s U19', '-', STRINGDECODE('Bar\u00e7a Youth'), 'free transfer', 1),
(DATE '2002-07-01', STRINGDECODE('Bar\u00e7a Youth'), '-', 'Barcelona U16', '-', 1),
(DATE '2003-11-28', 'Barcelona U19', '-', 'Barcelona C', '-', 1),
(DATE '2003-09-13', 'Barcelona U16', '-', 'Barcelona U19', '-', 1),
(DATE '2004-03-05', 'Barcelona C', '-', 'Barcelona B', '-', 1),
(DATE '2019-07-01', 'Ajax', STRINGDECODE('\u20ac85.00m'), 'Barcelona', STRINGDECODE('\u20ac86.00m'), 2),
(DATE '2015-08-23', 'Ajax U21', STRINGDECODE('\u20ac250Th.'), 'Willem II', 'loan transfer', 2),
(DATE '2016-07-01', 'Ajax U21', STRINGDECODE('\u20ac600Th.'), 'Ajax', '-', 2),
(DATE '2015-02-01', 'Willem II U19', '-', 'Willem II U21', '-', 2),
(DATE '2015-12-31', 'Willem II', STRINGDECODE('\u20ac400Th.'), 'Ajax U21', 'End of loan', 2),
(DATE '2015-08-22', 'Willem II', STRINGDECODE('\u20ac250Th.'), 'Ajax U21', STRINGDECODE('\u20ac10.13m'), 2),
(DATE '2014-09-01', 'Willem II U18', '-', 'Willem II U19', '-', 2),
(DATE '2015-05-01', 'Willem II U21', '-', 'Willem II', '-', 2),
(DATE '2014-05-10', 'Willem II/RKC-17', '-', 'Willem II U18', '-', 2),
(DATE '2013-07-01', 'Willem II/RKC Y.', '-', 'Willem II/RKC-17', '-', 2),
(DATE '2019-08-08', 'Man Utd', STRINGDECODE('\u20ac75.00m'), 'Inter', STRINGDECODE('\u20ac74.00m'), 3),
(DATE '2011-08-08', 'RSC Anderlecht', STRINGDECODE('\u20ac15.00m'), 'Chelsea', STRINGDECODE('\u20ac15.00m'), 3),
(DATE '2014-05-31', 'Everton', STRINGDECODE('\u20ac25.00m'), 'Chelsea', 'End of loan', 3),
(DATE '2012-08-10', 'Chelsea', STRINGDECODE('\u20ac14.00m'), 'West Brom', 'loan transfer', 3),
(DATE '2009-07-01', 'Anderlecht U17', STRINGDECODE('\u20ac400Th.'), 'RSC Anderlecht', '-', 3),
(DATE '2008-07-01', 'Anderlecht Yth.', '-', 'Anderlecht U17', '-', 3),
(DATE '2017-07-10', 'Everton', STRINGDECODE('\u20ac50.00m'), 'Man Utd', STRINGDECODE('\u20ac84.70m'), 3),
(DATE '2006-07-01', 'Lierse SK Yth.', '-', 'Anderlecht Yth.', '?', 3),
(DATE '2013-09-02', 'Chelsea', STRINGDECODE('\u20ac24.00m'), 'Everton', STRINGDECODE('Loan fee: \u20ac3.50m'), 3),
(DATE '2013-05-31', 'West Brom', STRINGDECODE('\u20ac19.00m'), 'Chelsea', 'End of loan', 3),
(DATE '2014-07-30', 'Chelsea', STRINGDECODE('\u20ac25.00m'), 'Everton', STRINGDECODE('\u20ac35.36m'), 3),
(DATE '2015-07-01', CAST('Rio Ave FC' AS VARCHAR_IGNORECASE), CAST(STRINGDECODE('\u20ac1.20m') AS VARCHAR_IGNORECASE), CAST('Benfica' AS VARCHAR_IGNORECASE), CAST(STRINGDECODE('\u20ac500Th.') AS VARCHAR_IGNORECASE), 4),
(DATE '2010-01-01', CAST(STRINGDECODE('S\u00e3o Paulo U17') AS VARCHAR_IGNORECASE), CAST('-' AS VARCHAR_IGNORECASE), CAST('Benfica U17' AS VARCHAR_IGNORECASE), CAST('?' AS VARCHAR_IGNORECASE), 4),
(DATE '2011-07-01', CAST('Benfica U19' AS VARCHAR_IGNORECASE), CAST('-' AS VARCHAR_IGNORECASE), CAST(STRINGDECODE('GD Ribeir\u00e3o') AS VARCHAR_IGNORECASE), CAST('free transfer' AS VARCHAR_IGNORECASE), 4),
(DATE '2012-07-01', CAST(STRINGDECODE('GD Ribeir\u00e3o') AS VARCHAR_IGNORECASE), CAST('-' AS VARCHAR_IGNORECASE), CAST('Rio Ave FC' AS VARCHAR_IGNORECASE), CAST('free transfer' AS VARCHAR_IGNORECASE), 4),
(DATE '2010-07-01', CAST('Benfica U17' AS VARCHAR_IGNORECASE), CAST('-' AS VARCHAR_IGNORECASE), CAST('Benfica U19' AS VARCHAR_IGNORECASE), CAST('-' AS VARCHAR_IGNORECASE), 4),
(DATE '2017-07-01', CAST('Benfica' AS VARCHAR_IGNORECASE), CAST(STRINGDECODE('\u20ac22.00m') AS VARCHAR_IGNORECASE), CAST('Man City' AS VARCHAR_IGNORECASE), CAST(STRINGDECODE('\u20ac40.00m') AS VARCHAR_IGNORECASE), 4);

insert into market_value (club_team, date_point, worth, player_id) values
('FC Barcelona B', DATE '2004-12-20', 3000000.00, 1),
('FC Barcelona', DATE '2011-07-29', 100000000.00, 1),
('FC Barcelona', DATE '2012-08-07', 120000000.00, 1),
('FC Barcelona', DATE '2017-01-24', 120000000.00, 1),
('FC Barcelona', DATE '2020-04-08', 112000000.00, 1),
('FC Barcelona', DATE '2011-02-04', 100000000.00, 1),
('FC Barcelona', DATE '2016-07-15', 120000000.00, 1),
('FC Barcelona', DATE '2006-01-20', 15000000.00, 1),
('FC Barcelona', DATE '2019-06-11', 150000000.00, 1),
('FC Barcelona', DATE '2014-01-23', 120000000.00, 1),
('FC Barcelona', DATE '2009-01-26', 55000000.00, 1),
('FC Barcelona', DATE '2014-07-20', 120000000.00, 1),
('FC Barcelona', DATE '2005-12-28', 5000000.00, 1),
('FC Barcelona', DATE '2019-12-20', 140000000.00, 1),
('FC Barcelona', DATE '2010-08-27', 100000000.00, 1),
('FC Barcelona', DATE '2013-06-12', 120000000.00, 1),
('FC Barcelona', DATE '2015-07-01', 120000000.00, 1),
('FC Barcelona', DATE '2010-04-12', 80000000.00, 1),
('FC Barcelona', DATE '2020-10-08', 100000000.00, 1),
('FC Barcelona', DATE '2008-02-04', 55000000.00, 1),
('FC Barcelona', DATE '2017-06-05', 120000000.00, 1),
('FC Barcelona', DATE '2016-02-22', 120000000.00, 1),
('FC Barcelona', DATE '2018-05-30', 180000000.00, 1),
('FC Barcelona', DATE '2021-01-05', 80000000.00, 1),
('FC Barcelona', DATE '2009-04-28', 60000000.00, 1),
('FC Barcelona', DATE '2008-07-10', 55000000.00, 1),
('FC Barcelona', DATE '2009-12-03', 70000000.00, 1),
('FC Barcelona', DATE '2010-01-07', 80000000.00, 1),
('FC Barcelona', DATE '2013-01-10', 120000000.00, 1),
('FC Barcelona', DATE '2007-07-26', 40000000.00, 1),
('FC Barcelona', DATE '2012-02-03', 100000000.00, 1),
('FC Barcelona', DATE '2018-01-01', 180000000.00, 1),
('FC Barcelona', DATE '2007-09-12', 60000000.00, 1),
('FC Barcelona', DATE '2009-07-22', 70000000.00, 1),
('FC Barcelona', DATE '2015-01-23', 120000000.00, 1),
('FC Barcelona', DATE '2018-12-21', 160000000.00, 1),
('FC Barcelona', DATE '2021-06-10', 80000000.00, 1),
('Ajax Amsterdam', DATE '2016-07-01', 600000.00, 2),
('FC Barcelona', DATE '2021-03-19', 80000000.00, 2),
('Ajax Amsterdam U21', DATE '2016-02-05', 400000.00, 2),
('Willem II Tilburg', DATE '2015-11-11', 400000.00, 2),
('FC Barcelona', DATE '2019-12-20', 90000000.00, 2),
('FC Barcelona', DATE '2020-10-08', 70000000.00, 2),
('Willem II Tilburg', DATE '2015-05-11', 50000.00, 2),
('Ajax Amsterdam', DATE '2018-01-17', 7000000.00, 2),
('Ajax Amsterdam', DATE '2018-06-12', 7000000.00, 2),
('Ajax Amsterdam', DATE '2019-06-12', 85000000.00, 2),
('FC Barcelona', DATE '2021-05-27', 90000000.00, 2),
('Ajax Amsterdam', DATE '2019-03-13', 75000000.00, 2),
('FC Barcelona', DATE '2021-01-05', 65000000.00, 2),
('Ajax Amsterdam', DATE '2017-06-07', 2000000.00, 2),
('Ajax Amsterdam', DATE '2018-10-04', 40000000.00, 2),
('FC Barcelona', DATE '2020-04-08', 72000000.00, 2),
('Ajax Amsterdam U21', DATE '2016-04-08', 600000.00, 2),
('Ajax Amsterdam', DATE '2017-10-26', 3500000.00, 2),
('Ajax Amsterdam', DATE '2017-01-18', 750000.00, 2),
('Ajax Amsterdam', DATE '2018-12-28', 60000000.00, 2),
('Willem II Tilburg', DATE '2015-07-01', 250000.00, 2),
('Chelsea FC', DATE '2012-06-24', 14000000.00, 3),
('Everton FC', DATE '2015-07-01', 28000000.00, 3),
('Everton FC', DATE '2017-02-20', 50000000.00, 3),
('Inter Milan', DATE '2020-08-25', 85000000.00, 3),
('Manchester United', DATE '2018-05-28', 90000000.00, 3),
('Inter Milan', DATE '2019-12-12', 75000000.00, 3),
('RSC Anderlecht U17', DATE '2009-05-27', 400000.00, 3),
('Manchester United', DATE '2018-07-16', 100000000.00, 3),
('Manchester United', DATE '2017-08-16', 60000000.00, 3),
('Inter Milan', DATE '2021-05-26', 100000000.00, 3),
('Everton FC', DATE '2017-06-28', 50000000.00, 3),
('Manchester United', DATE '2018-12-19', 85000000.00, 3),
('Inter Milan', DATE '2020-03-03', 85000000.00, 3),
('Rio Ave FC', DATE '2013-07-02', 300000.00, 4),
('Rio Ave FC', DATE '2015-02-17', 600000.00, 4),
('Rio Ave FC', DATE '2013-04-03', 300000.00, 4),
('Manchester City', DATE '2018-01-02', 35000000.00, 4),
('Manchester City', DATE '2018-10-17', 60000000.00, 4),
('Manchester City', DATE '2018-12-19', 60000000.00, 4),
('Manchester City', DATE '2021-06-08', 50000000.00, 4),
('SL Benfica', DATE '2016-07-29', 7000000.00, 4),
('Manchester City', DATE '2018-03-23', 45000000.00, 4),
('Manchester City', DATE '2021-03-18', 56000000.00, 4),
('Rio Ave FC', DATE '2014-07-25', 900000.00, 4),
('Manchester City', DATE '2020-10-13', 56000000.00, 4),
('SL Benfica', DATE '2016-02-24', 1200000.00, 4),
('SL Benfica', DATE '2017-06-26', 22000000.00, 4),
('SL Benfica', DATE '2017-02-22', 12000000.00, 4),
('Manchester City', DATE '2017-10-23', 25000000.00, 4),
('Manchester City', DATE '2019-06-13', 70000000.00, 4),
('Manchester City', DATE '2019-12-10', 70000000.00, 4),
('Manchester City', DATE '2018-05-28', 50000000.00, 4),
('Manchester City', DATE '2020-04-08', 56000000.00, 4),
('SL Benfica', DATE '2015-07-01', 1200000.00, 4);


insert into scrape_site (name) values
('transfermarkt'),
('pesdb'),
('psml');

insert into scrape_field(name, selector, scrape_site_id) values
('playerName', 'h1[itemprop=name]', 1),
('clubTeam', 'table.auflistung tr:has(th:contains(Current club)) td a:nth-of-type(2)', 1),
('contractUntil', 'table.auflistung tr:has(th:contains(Contract expires)) td', 1),
('nationality', 'span[itemprop=nationality]', 1),
('position', 'table.auflistung tr:has(th:contains(Position)) td', 1),
('birthDate', 'span[itemprop=birthDate]', 1),
('age', 'table.auflistung tr:has(th:contains(Age)) td', 1),
('nationalTeam', 'div.dataContent div.dataDaten:nth-of-type(3) p:nth-of-type(1) span.dataValue', 1),
('transferTable', 'div.responsive-table tr.zeile-transfer', 1),
('dateOfTransfer', 'td:nth-of-type(2)', 1),
('fromTeam', 'td:nth-of-type(5) a', 1),
('toTeam', 'td:nth-of-type(8) a', 1),
('marketValue', 'td.zelle-mw', 1),
('transferFee', 'td.zelle-abloese', 1),
('playerName', 'table.player tbody tr:nth-of-type(1) td:nth-of-type(1) table tr:nth-of-type(1) td', 2),
('teamName', 'table.player tbody tr:nth-of-type(1) td:nth-of-type(1) table tr:nth-of-type(3) td a', 2),
('teamNameFreePlayer', 'table.player tbody tr:nth-of-type(1) td:nth-of-type(1) table tr:nth-of-type(2) td a', 2),
('foot', 'table.player tbody tr:nth-of-type(1) td:nth-of-type(1) table tr:nth-of-type(10) td', 2),
('footFreePlayer', 'table.player tbody tr:nth-of-type(1) td:nth-of-type(1) table tr:nth-of-type(9) td', 2),
('weekCondition', 'table.player tbody tr:nth-of-type(1) td:nth-of-type(1) table tr:nth-of-type(11) td', 2),
('weekConditionFreePlayer', 'table.player tbody tr:nth-of-type(1) td:nth-of-type(1) table tr:nth-of-type(10) td', 2),
('primaryPosition', 'table.player tbody tr:nth-of-type(1) td:nth-of-type(1) table tr:nth-of-type(12) td div', 2),
('primaryPositionFreePlayer', 'table.player tbody tr:nth-of-type(1) td:nth-of-type(1) table tr:nth-of-type(11) td div', 2),
('weakPositions', 'table.player tbody table tr td.positions div span.pos1', 2),
('strongPositions', 'table.player tbody table tr td.positions div span.pos2', 2),
('additionalData', 'table.playing_styles tr', 2),
('offensiveAwareness', 'table.player tbody tr:nth-of-type(1) td:nth-of-type(2) table tr:nth-of-type(1) td', 2),
('ballControl', 'table.player tbody tr:nth-of-type(1) td:nth-of-type(2) table tr:nth-of-type(2) td', 2),
('dribbling', 'table.player tbody tr:nth-of-type(1) td:nth-of-type(2) table tr:nth-of-type(3) td', 2),
('tightPossession', 'table.player tbody tr:nth-of-type(1) td:nth-of-type(2) table tr:nth-of-type(4) td', 2),
('lowPass', 'table.player tbody tr:nth-of-type(1) td:nth-of-type(2) table tr:nth-of-type(5) td', 2),
('loftedPass', 'table.player tbody tr:nth-of-type(1) td:nth-of-type(2) table tr:nth-of-type(6) td', 2),
('finishing', 'table.player tbody tr:nth-of-type(1) td:nth-of-type(2) table tr:nth-of-type(7) td', 2),
('heading', 'table.player tbody tr:nth-of-type(1) td:nth-of-type(2) table tr:nth-of-type(8) td', 2),
('placeKicking', 'table.player tbody tr:nth-of-type(1) td:nth-of-type(2) table tr:nth-of-type(9) td', 2),
('curl', 'table.player tbody tr:nth-of-type(1) td:nth-of-type(2) table tr:nth-of-type(10) td', 2),
('speed', 'table.player tbody tr:nth-of-type(1) td:nth-of-type(2) table tr:nth-of-type(11) td', 2),
('acceleration', 'table.player tbody tr:nth-of-type(1) td:nth-of-type(2) table tr:nth-of-type(12) td', 2),
('kickingPower', 'table.player tbody tr:nth-of-type(1) td:nth-of-type(2) table tr:nth-of-type(13) td', 2),
('jump', 'table.player tbody tr:nth-of-type(1) td:nth-of-type(2) table tr:nth-of-type(14) td', 2),
('physicalContact', 'table.player tbody tr:nth-of-type(1) td:nth-of-type(2) table tr:nth-of-type(15) td', 2),
('balance', 'table.player tbody tr:nth-of-type(1) td:nth-of-type(2) table tr:nth-of-type(16) td', 2),
('stamina', 'table.player tbody tr:nth-of-type(1) td:nth-of-type(3) table tr:nth-of-type(1) td', 2),
('defensiveAwareness', 'table.player tbody tr:nth-of-type(1) td:nth-of-type(3) table tr:nth-of-type(2) td', 2),
('ballWinning', 'table.player tbody tr:nth-of-type(1) td:nth-of-type(3) table tr:nth-of-type(3) td', 2),
('aggression', 'table.player tbody tr:nth-of-type(1) td:nth-of-type(3) table tr:nth-of-type(4) td', 2),
('gkAwareness', 'table.player tbody tr:nth-of-type(1) td:nth-of-type(3) table tr:nth-of-type(5) td', 2),
('gkCatching', 'table.player tbody tr:nth-of-type(1) td:nth-of-type(3) table tr:nth-of-type(6) td', 2),
('gkClearing', 'table.player tbody tr:nth-of-type(1) td:nth-of-type(3) table tr:nth-of-type(7) td', 2),
('gkReflexes', 'table.player tbody tr:nth-of-type(1) td:nth-of-type(3) table tr:nth-of-type(8) td', 2),
('gkReach', 'table.player tbody tr:nth-of-type(1) td:nth-of-type(3) table tr:nth-of-type(9) td', 2),
('weakFootUsage', 'table.player tbody tr:nth-of-type(1) td:nth-of-type(3) table tr:nth-of-type(10) td', 2),
('weakFootAccuracy', 'table.player tbody tr:nth-of-type(1) td:nth-of-type(3) table tr:nth-of-type(11) td', 2),
('form', 'table.player tbody tr:nth-of-type(1) td:nth-of-type(3) table tr:nth-of-type(12) td', 2),
('injuryResistance', 'table.player tbody tr:nth-of-type(1) td:nth-of-type(3) table tr:nth-of-type(13) td', 2),
('overallRating', 'table.player tbody tr:nth-of-type(1) td:nth-of-type(3) table tr:nth-of-type(15) td', 2),
('teamName', 'table.innerTable tbody tr:nth-of-type(2) td:nth-of-type(2) p:nth-of-type(2) a', 3),
('teamValue', 'table.innerTable tbody tr:nth-of-type(2) td:nth-of-type(3) p:nth-of-type(1)', 3);